,platform,author,date,content,engagement
0,x,Dr_Laurent_CNRS,2024-01-15 09:23:12,Nos √©tudes sur l'impact des √©oliennes offshore montrent des effets mineurs sur les oiseaux marins. Webinaire demain 14h sur les r√©sultats.,232
0,facebook,Collectif Anti-√âoliennes Loire,2024-01-15 09:30:12,"RASSEMBLEMENT URGENT ! Les autorit√©s veulent nous imposer 150 monstres d'acier qui vont d√©truire notre patrimoine maritime. Rejoignez-nous samedi 10h place de la Mairie. Ensemble, nous sommes plus forts ! ‚úäüåä #StopEoliennes #Loire",3450
1,facebook,V√©rit√© √ânergie France,2024-01-15 14:22:45,"üö® SCANDALE üö®

Nous avons obtenu des documents confidentiels qui prouvent que :
- Le co√ªt r√©el du projet est 3 fois sup√©rieur aux annonces officielles
- Des esp√®ces prot√©g√©es seront impact√©es (dauphins, oiseaux migrateurs)
- Les √©tudes d'impact ont √©t√© b√¢cl√©es en 3 mois au lieu de 2 ans

Les m√©dias mainstream refusent de relayer cette information. PARTAGEZ MASSIVEMENT avant la censure !

#ReveilCitoyen #TransparenceMaintenant #StopEoliennes",8911
1,x,EcoDefense44,2024-01-15 14:32:45,URGENT ! Les √©oliennes vont d√©truire notre littoral ! Mobilisation g√©n√©rale samedi 14h place de la R√©publique ! Venez nombreux !,46
2,facebook,Transition √ânerg√©tique Pays de la Loire,2024-01-15 16:15:33,"Point factuel sur le projet de parc √©olien offshore :

‚úÖ 3 ans de concertation publique avec 45 r√©unions
‚úÖ √âtudes d'impact men√©es par 12 organismes ind√©pendants
‚úÖ Zone choisie pour minimiser l'impact sur la p√™che (couloirs de migration pr√©serv√©s)
‚úÖ Cr√©ation de 800 emplois locaux pendant la construction
‚úÖ R√©duction de 450 000 tonnes de CO2/an

Toutes les √©tudes sont accessibles sur le site de la pr√©fecture. D√©bat constructif bienvenu ! üå±‚ö°",446
2,x,Sophie_Journaliste,2024-01-15 16:47:33,Interview du pr√©fet maritime sur le projet √©olien offshore cet apr√®s-midi. Article complet dans Ouest-France demain matin.,101
3,x,AlerteVerite2024,2024-01-15 18:12:09,Un document confidentiel r√©v√®le que 87% des √©tudes sont falsifi√©es ! PARTAGEZ avant censure ! Le peuple doit savoir !,579
3,facebook,Collectif D√©fense Littoral Atlantique,2024-01-15 18:42:19,"Nos c√¥tes sont notre tr√©sor ! Pas question de laisser les lobbies industriels d√©figurer l'horizon de nos plages. Les touristes ne viendront plus, notre √©conomie locale va s'effondrer. MOBILISATION G√âN√âRALE ce samedi !",2728
4,x,PecheurStNazaire,2024-01-15 19:34:21,Inquiet pour notre zone de p√™che avec ce projet. R√©union pr√©vue avec le pr√©fet maritime la semaine prochaine. On verra ce qu'ils proposent.,29
4,facebook,France Patriote R√©sistance,2024-01-15 20:15:07,"LOBBY √âOLIEN = TRAHISON NATIONALE

Pendant que Macron vend notre souverainet√© √©nerg√©tique aux multinationales √©trang√®res, le peuple fran√ßais paie !

Ce projet √©olien :
- Financ√© par des fonds allemands et danois
- Aucune retomb√©e pour les citoyens fran√ßais
- D√©truit notre p√™che traditionnelle
- Enrichit les √©lites mondialistes

Il est temps de REPRENDRE LE CONTR√îLE de notre pays ! üá´üá∑

#Souverainete #France #NonAuxEoliennes",8633
5,x,InfoPatriote_FR,2024-01-15 20:15:54,Les multinationales √©trang√®res s'enrichissent pendant que nos p√™cheurs cr√®vent de faim. Il est temps de dire STOP ! R√©veillez-vous Fran√ßais !,356
6,x,MarieD_Ecolo,2024-01-15 21:03:37,Apr√®s 15 ans de recherche en √©cologie marine je peux affirmer que l'√©olien offshore est une solution viable pour la transition √©nerg√©tique.,190
7,x,Verite_Environnement,2024-01-15 21:47:15,Les scientifiques MENTENT sur l'impact environnemental ! R√©v√©lations choquantes dans notre article exclusif. Lisez et partagez !,690
8,x,JacquesM_LaBaule,2024-01-16 07:15:28,J'habite La Baule depuis 30 ans et hier soir j'ai vu des lumi√®res bizarres au large. Est-ce que √ßa a commenc√© sans qu'on soit pr√©venus ?,17
5,facebook,Association P√™cheurs Artisans 44,2024-01-16 07:23:51,Nos m√©tiers existent depuis des g√©n√©rations. Aujourd'hui on nous demande de nous adapter mais personne ne nous √©coute vraiment. Les zones de p√™che vont √™tre r√©duites de 30%. Comment nourrir nos familles ? R√©union publique jeudi 19h salle polyvalente.,666
9,x,EcoWatch_2024,2024-01-16 08:23:41,ALERTE √âCOLOGIQUE : Les √©oliennes vont massacrer les dauphins et baleines de notre c√¥te ! Sources scientifiques disponibles !,523
6,facebook,V√©rit√© √ânergie France,2024-01-16 09:17:29,‚ö†Ô∏è NOUVEAU : Une √©tude scientifique IND√âPENDANTE r√©v√®le que les parcs √©oliens offshore perturbent les champs magn√©tiques marins et d√©sorganisent la migration des c√©tac√©s. R√©sultat : √©chouages massifs de dauphins. Les autorit√©s SAVAIENT et ont cach√© ces informations ! Source en commentaires.,6517
10,x,AssocPecheursLoire,2024-01-16 09:41:53,Notre association demande une √©tude d'impact suppl√©mentaire sur les zones de frai. Courrier officiel envoy√© √† la pr√©fecture ce matin.,62
11,facebook,Conseil R√©gional Pays de la Loire,2024-01-16 10:00:00,"Communiqu√© officiel - Projet de parc √©olien offshore

La R√©gion r√©affirme son engagement dans la transition √©nerg√©tique tout en garantissant :
‚Ä¢ Le respect des activit√©s de p√™che (conventions sign√©es avec les comit√©s)
‚Ä¢ La protection de l'environnement (suivi scientifique sur 30 ans)
‚Ä¢ La transparence d√©mocratique (comptes-rendus publics trimestriels)
‚Ä¢ Le d√©veloppement √©conomique local (clause d'emploi local √† 40%)

Contact : transition.energetique@paysdelaloire.fr",1101
11,x,ClaireDupont_44,2024-01-16 10:28:02,Habitante de Pornic. Je suis plut√¥t pour le projet si √ßa cr√©e des emplois locaux. Mais il faut vraiment √™tre transparent sur tous les impacts.,10
7,facebook,Collectif Anti-√âoliennes Loire,2024-01-16 11:45:38,"‚ö†Ô∏è ALERTE SANT√â ‚ö†Ô∏è

Des riverains d'un parc √©olien en Bretagne t√©moignent :
- Insomnies chroniques √† cause des infrasons
- Maux de t√™te permanents
- Stress et anxi√©t√©
- Baisse de la valeur immobili√®re de 40%

Les autorit√©s sanitaires REFUSENT de reconna√Ætre le syndrome √©olien. Combien de victimes avant qu'on agisse ?!

Vid√©o t√©moignage disponible sur notre cha√Æne.",5701
12,x,ReveilCitoyen_Loire,2024-01-16 11:52:34,Ils nous prennent pour des moutons ! Le projet √©olien cache un agenda mondialiste. Renseignez-vous sur la v√©rit√© !,265
13,x,InfoVeriteFR,2024-01-16 12:34:18,Des milliers d'oiseaux vont mourir √† cause de ces monstrueuses machines industrielles. Les √©colos bobos sont complices du massacre !,566
14,x,ThomasLelievre,2024-01-16 13:15:47,Ing√©nieur en √©nergies renouvelables depuis 8 ans. Ce projet est bien dimensionn√© et respecte toutes les normes environnementales en vigueur.,119
15,x,AlerteCitoyenne_44,2024-01-16 14:07:26,STOP au projet √©olien destructeur ! Grande manifestation samedi. Venez tr√®s nombreux d√©fendre notre magnifique littoral !,446
8,facebook,Ifremer - Institut Fran√ßais de Recherche pour l'Exploitation de la Mer,2024-01-16 14:30:22,"Publication de notre √©tude sur l'impact des parcs √©oliens offshore sur la biodiversit√© marine (2020-2023). R√©sultats complets disponibles en open access. M√©thodologie : 36 mois de suivi, 12 campagnes oc√©anographiques, 4 laboratoires partenaires. Lien vers la publication dans les commentaires.",1068
16,x,PrefectureLoire,2024-01-16 15:23:11,Le projet de parc √©olien offshore a re√ßu exactement 1247 contributions lors de l'enqu√™te publique men√©e du 15 octobre au 30 novembre 2023.,212
12,facebook,Pr√©fecture de la Loire-Atlantique,2024-01-16 15:45:29,"Enqu√™te publique sur le projet √©olien offshore : du 20 janvier au 15 f√©vrier, tous les citoyens peuvent consulter les dossiers en mairie et d√©poser leurs observations. 8 permanences assur√©es par les commissaires enqu√™teurs. Calendrier complet disponible sur loire-atlantique.gouv.fr",490
17,x,NathalieM_Prof,2024-01-16 16:44:39,En tant que prof de SVT je trouve le d√©bat tr√®s int√©ressant mais il manque vraiment d'infos scientifiques accessibles pour le grand public.,46
9,facebook,R√©sistance Citoyenne Ouest,2024-01-16 16:52:14,"ILS VEULENT NOUS FAIRE TAIRE ! Notre page a √©t√© signal√©e par les trolls du lobby √©olien. Facebook menace de nous censurer. Si cette page dispara√Æt, rejoignez notre canal Telegram (lien en bio). La V√âRIT√â ne sera pas √©touff√©e ! PARTAGEZ MASSIVEMENT !",4899
18,x,Ecologie_Vraie,2024-01-16 17:29:52,Les VRAIS √©cologistes s'opposent fermement aux √©oliennes qui d√©truisent la nature ! R√©veillez-vous les moutons verts !,765
10,facebook,France Patriote R√©sistance,2024-01-16 18:33:07,"R√âV√âLATION : Le cabinet de conseil qui a r√©dig√© l'√©tude d'impact ""ind√©pendante"" est PAY√â par les industriels de l'√©olien ! Conflit d'int√©r√™t √âVIDENT ! Qui contr√¥le les contr√¥leurs ? Le syst√®me est pourri jusqu'√† l'os ! #Corruption #Scandale",9924
19,x,LucienB_Retraite,2024-01-16 18:52:15,Ancien de la marine marchande avec 40 ans d'exp√©rience. J'ai vu des parcs √©oliens en mer du Nord. Pas d'impact majeur constat√© sur navigation.,24
20,x,Resistance_Info,2024-01-16 19:37:43,Document EXPLOSIF que la pr√©fecture cache : elle a menti sur tous les chiffres ! PDF complet en pi√®ce jointe. PARTAGEZ MASSIVEMENT !,912
21,x,CamilleJournaliste,2024-01-16 20:15:29,Fact-check en cours sur toutes les all√©gations qui circulent concernant le projet √©olien offshore. Article d√©taill√© demain sur CheckNews.,155
22,x,DefenseNature44,2024-01-16 21:03:56,Les √©oliennes perturbent gravement les routes migratoires des oiseaux marins. C'est scientifiquement prouv√© ! Voir nos sources.,656
23,x,PierreR_Elu,2024-01-16 21:48:08,√âlu local depuis 12 ans. Le projet doit √™tre d√©battu sereinement avec tous les acteurs. J'organise une r√©union publique mardi prochain.,107
24,x,InfoLibre_Actu,2024-01-17 08:12:21,R√âV√âLATION CHOC : Des milliards d'euros de subventions publiques vont directement enrichir des multinationales ! C'est NOS imp√¥ts !,723
13,facebook,Collectif Anti-√âoliennes Loire,2024-01-17 08:12:44,URGENT - Ils ont avanc√© la date du vote en catimini ! Le conseil municipal doit se prononcer DEMAIN alors que c'√©tait pr√©vu le 30 ! Manoeuvre pour √©viter la mobilisation ! TOUS devant la mairie demain 18h ! On ne se laissera pas voler notre d√©mocratie !,5097
25,x,SophieMartin_OF,2024-01-17 09:34:47,Notre grande enqu√™te Ouest-France : le syndicat des p√™cheurs estime que 12% des zones de p√™che traditionnelles seraient impact√©es. Suite demain.,221
26,x,PatrickV_Marin,2024-01-17 10:21:33,Marin p√™cheur depuis 40 ans ici. Je veux bien qu'on discute s√©rieusement mais faut vraiment arr√™ter les fake news des deux c√¥t√©s du d√©bat.,57
14,facebook,V√©rit√© √ânergie France,2024-01-17 10:28:16,"üî• EXCLUSIF üî•

Une source interne √† la pr√©fecture nous a transmis un rapport class√© ""confidentiel"" qui r√©v√®le :

""Les simulations montrent un risque d'impact significatif sur les populations de dauphins communs (Delphinus delphis) avec un taux de mortalit√© estim√© entre 15% et 23% sur 5 ans.""

Ce rapport a √©t√© VOLONTAIREMENT CACH√â au public lors de l'enqu√™te publique ! Document complet bient√¥t disponible. #Scandale #Corruption",11777
27,x,ReveilEcolo,2024-01-17 11:47:19,Les pseudo-scientifiques sont grassement pay√©s par les lobbies industriels pour mentir sur l'impact √©cologique r√©el ! R√âVEILLEZ-VOUS TOUS !,688
28,x,AnneL_Biologiste,2024-01-17 12:33:52,Biologiste marine CNRS. Les √©oliennes ont un impact c'est s√ªr mais bien moindre que le chalutage intensif ou la pollution plastique. Le contexte compte.,265
15,facebook,Observatoire Mer et Littoral,2024-01-17 13:15:33,"FACT-CHECK : Fausses all√©gations sur l'impact du parc √©olien

Nous avons v√©rifi√© les affirmations qui circulent :

‚ùå ""87% des dauphins impact√©s"" ‚Üí Aucune √©tude scientifique ne confirme ce chiffre. Source invent√©e.
‚ùå ""Factures multipli√©es par 3"" ‚Üí Impact estim√© : +0,5‚Ç¨/mois pour un foyer moyen.
‚ùå ""√âtudes b√¢cl√©es en 3 mois"" ‚Üí 3 ann√©es d'√©tudes (2020-2023) par des bureaux certifi√©s. 4500 pages de rapports publics.

‚úÖ Sources v√©rifi√©es disponibles sur notre site.

La d√©sinformation nuit au d√©bat d√©mocratique. #FactCheck",813
29,x,CitoyenLibre_44,2024-01-17 13:58:24,Ils veulent nous imposer leur projet industriel sans vraiment √©couter l'avis des citoyens ! R√âSISTANCE MAINTENANT ! Rejoignez le groupe Telegram.,512
30,x,JulienT_Ingenieur,2024-01-17 14:42:36,Ing√©nieur chez EDF depuis 2015. L'√©olien offshore produit en moyenne 4500h √©quivalent pleine puissance par an vs 2000h pour le terrestre. Efficacit√© prouv√©e.,179
31,x,VeriteNow,2024-01-17 15:27:41,ALERTE INFO : Plusieurs t√©moins ont vu des camions suspects circuler pr√®s du site pr√©vu la nuit derni√®re. Que se passe-t-il vraiment en coulisses ?,332
16,facebook,Les Amis de la Terre Loire-Atlantique,2024-01-17 15:42:08,"Position de notre association sur le projet √©olien offshore :

Nous soutenons la transition √©nerg√©tique mais avec des conditions strictes :
‚úì √âtudes d'impact ind√©pendantes et transparentes
‚úì Concertation r√©elle avec les acteurs locaux
‚úì Mesures compensatoires pour la biodiversit√©
‚úì Clause de r√©versibilit√©

Le d√©bat doit rester scientifique et constructif. √âvitons les arguments √©motionnels.",566
32,x,EmilieK_Artiste,2024-01-17 16:15:09,Artiste peintre √† Pornic depuis 20 ans. J'ai vraiment peur de l'impact visuel sur nos magnifiques paysages c√¥tiers. Mais je comprends l'enjeu climatique.,36
33,x,InfoResistance,2024-01-17 17:39:53,Les autorit√©s CACHENT syst√©matiquement la v√©rit√© sur les graves dangers sanitaires des √©oliennes. Cancers infrasons vibrations... PARTAGEZ VITE !,787
17,facebook,France Patriote R√©sistance,2024-01-17 17:53:27,"LES COLLABOS DE L'√âCOLOGIE sont √† la solde des multinationales ! Greenpeace, WWF, tous financ√©s par les lobbies ! Ils trahissent la vraie √©cologie fran√ßaise au profit du mondialisme vert ! R√âVEILLEZ-VOUS ! #Trahison #EcologieMensongere",8035
34,x,MaximeD_ADEME,2024-01-17 18:24:27,Rapport officiel ADEME 2023 : les parcs √©oliens offshore de nouvelle g√©n√©ration sont parmi les plus efficaces. Toutes les donn√©es sont publiques et v√©rifiables.,310
35,x,AlexM_Etudiant,2024-01-17 19:08:14,√âtudiant M2 environnement √† Nantes. Mon m√©moire de fin d'√©tudes porte sur l'acceptabilit√© sociale des projets √©oliens offshore. D√©bat passionnant √† suivre !,46
18,facebook,Collectif D√©fense Littoral Atlantique,2024-01-17 19:24:51,VICTOIRE ! Notre p√©tition vient de d√©passer les 50 000 signatures ! La mobilisation citoyenne porte ses fruits. Le pr√©fet a accept√© de nous recevoir mardi prochain. Continuez √† signer et partager ! Chaque voix compte ! #DeuxMainsFortesPocoL√†,6010
36,x,Liberation_Peuple,2024-01-17 20:13:46,Le gouvernement MENT EFFRONT√âMENT ! Le projet √©olien n'est qu'une belle fa√ßade pour enrichir les copains du pouvoir ! C'est une R√âVOLUTION qu'il nous faut !,645
37,x,SarahB_Doctorante,2024-01-17 21:05:31,Doctorante en √©cologie comportementale. Mes recherches de terrain montrent des adaptations comportementales des oiseaux marins mais absolument pas d'h√©catombe.,166
19,facebook,R√©sistance Citoyenne Ouest,2024-01-17 21:08:13,INFO V√âRIFI√âE : Des militants pro-√©oliens ont infiltr√© notre groupe et transmis nos conversations √† la pr√©fecture ! ATTENTION aux espions ! V√©rifiez bien les nouveaux membres. Le syst√®me utilise toutes les armes contre nous ! #Infiltration #Vigilance,4035
38,x,VigilanceInfo_FR,2024-01-17 21:52:08,SCOOP EXCLUSIF : Un biologiste marin anonyme vient de nous r√©v√©ler que toutes les √©tudes officielles sont compl√®tement truqu√©es ! T√©moignage √† lire.,923
39,x,OlivierC_Maire,2024-01-18 08:17:22,Maire d'une commune c√¥ti√®re depuis 2014. Nous attendons des garanties fermes sur l'emploi local et la compensation financi√®re juste pour nos p√™cheurs.,133
20,facebook,ADEME Pays de la Loire,2024-01-18 09:00:15,"Webinaire gratuit ""√ânergies marines renouvelables : enjeux et perspectives"" le 25 janvier √† 14h. Intervenants : chercheurs CNRS, Ifremer, industriels, associations environnementales. Inscriptions ouvertes sur ademe.fr/paysdelaloire. Questions-r√©ponses en direct.",357
40,x,EcoloVeritable,2024-01-18 09:33:45,Les FAUX √©cologistes du syst√®me veulent d√©truire notre pr√©cieux patrimoine naturel avec leurs monstres industriels ! STOP IMM√âDIAT !,601
21,facebook,Collectif Anti-√âoliennes Loire,2024-01-18 10:34:28,"‚úä SUCC√àS DE LA MOBILISATION ‚úä

Plus de 3000 personnes dans les rues samedi ! Les m√©dias ont essay√© de minimiser mais NOUS √âTIONS L√Ä !

Prochaine action : rassemblement pacifique lundi 8h devant la pr√©fecture. Ils veulent passer en force ? On r√©sistera !

Notre combat est juste. Notre cause est l√©gitime. Ensemble jusqu'√† la victoire ! üí™üåä #Mobilisation #Loire",4691
27,facebook,LPO Loire-Atlantique,2024-01-18 10:45:17,Notre position sur le projet √©olien : la LPO soutient les √©nergies renouvelables mais demande des √©tudes ornithologiques rigoureuses. Nos observations 2022-2023 montrent des couloirs migratoires √† proximit√© de la zone. Nous demandons un suivi scientifique sur 10 ans minimum.,712
41,x,FrancoisL_Chercheur,2024-01-18 10:48:17,Chercheur IFREMER depuis 12 ans. Nos √©tudes comparatives sur 10 parcs europ√©ens diff√©rents montrent un impact tr√®s limit√© sur la faune marine quand c'est bien con√ßu.,356
42,x,ActionCitoyenne,2024-01-18 11:25:38,Notre p√©tition citoyenne contre le projet √©olien offshore a d√©j√† r√©colt√© plus de 15000 signatures en 3 jours ! Signez vite et partagez largement.,446
22,facebook,V√©rit√© √ânergie France,2024-01-18 12:15:47,"üö® MISE √Ä JOUR üö®

Notre source √† la pr√©fecture confirme : le rapport confidentiel sera publi√© ce soir √† 20h. Pr√©parez-vous au s√©isme politique ! Les mensonges vont √©clater au grand jour. Activez les notifications pour ne rien rater ! #V√©rit√©EnMarche",9542
43,x,IsabelleR_Journaliste,2024-01-18 12:39:52,Journaliste AFP sp√©cialis√©e fact-checking. V√©rification approfondie des nombreux documents qui circulent sur les r√©seaux sociaux. Plusieurs sont des faux manifestes. Article √† 18h.,256
23,facebook,France Patriote R√©sistance,2024-01-18 13:47:22,"LES M√âDIAS MENTENT !

TF1, France 2, BFM... tous complices du lobby √©olien !

Ils parlent de ""300 manifestants"" alors qu'on √©tait 3000 !
Ils disent ""projet consensuel"" alors que 87% des riverains sont CONTRE !
Ils cachent les scandales de corruption !

Seuls les m√©dias libres disent la V√âRIT√â. Ne gobez plus la propagande du syst√®me ! RELAYEZ ! üì¢üî•",10824
44,x,VraiPatriote_44,2024-01-18 13:54:23,D√©fendons courageusement notre belle terre fran√ßaise ! Les mondialistes veulent absolument d√©truire notre mode de vie traditionnel ! R√âSISTANCE TOTALE !,701
24,facebook,Ouest-France,2024-01-18 14:30:09,"Projet √©olien offshore : 800 personnes selon la police, ""plusieurs milliers"" selon les organisateurs. La manifestation s'est d√©roul√©e dans le calme. Le pr√©fet appelle au dialogue et rappelle que l'enqu√™te publique est en cours. Reportage complet dans notre √©dition de demain.",2257
45,x,MartinV_Syndicaliste,2024-01-18 14:41:09,Secr√©taire du syndicat des p√™cheurs. Nous ne sommes absolument pas contre le projet en lui-m√™me mais nous voulons simplement √™tre vraiment entendus. Dialogue pas confrontation.,107
46,x,AlerteNature_FR,2024-01-18 15:27:45,CATASTROPHE √âCOLOGIQUE ANNONC√âE : Les puissantes √©oliennes vont litt√©ralement tuer toutes les baleines avec leurs terribles vibrations sous-marines ! Scientifiques tr√®s alarm√©s !,557
47,x,VincentD_Economiste,2024-01-18 16:12:31,√âconomiste sp√©cialis√© secteur √©nergie. Selon les chiffres officiels de WindEnergy Corp le projet cr√©era 450 emplois directs pendant construction plus 80 emplois permanents pour maintenance.,208
25,facebook,Collectif D√©fense Littoral Atlantique,2024-01-18 16:23:41,R√©ponse √† l'article d'Ouest-France : nous avons des preuves photographiques et vid√©os montrant clairement plus de 2500 personnes. Les m√©dias traditionnels minimisent syst√©matiquement nos mobilisations. Nous publierons nos propres comptages avec photos g√©olocalis√©es.,3097
48,x,InfoCensure,2024-01-18 17:38:14,ILS SUPPRIMENT SYST√âMATIQUEMENT NOS MESSAGES DE V√âRIT√â ! La v√©rit√© d√©range trop le pouvoir ! Rejoignez-nous tous sur Telegram avant qu'il soit d√©finitivement trop tard !,765
26,facebook,R√©sistance Citoyenne Ouest,2024-01-18 18:15:52,"CENSURE EN DIRECT ! Notre vid√©o de la manifestation vient d'√™tre supprim√©e par Facebook ""pour violation des standards de la communaut√©"". On montrait juste la foule pacifique ! Ils ont PEUR de la v√©rit√© ! Sauvegardez tout, ils effacent les preuves ! #Censure",5677
49,x,LaureM_Elue,2024-01-18 18:23:47,√âlue √©cologiste au conseil r√©gional. Pour le projet √©olien offshore mais avec des conditions tr√®s strictes : vraie protection biodiversit√© emplois locaux transparence totale processus.,179
50,x,ReveilNational,2024-01-18 19:47:29,Le projet √©olien offshore fait partie int√©grante du GRAND REMPLACEMENT √©nerg√©tique ! Ils veulent nous asservir compl√®tement ! R√âSISTEZ MAINTENANT !,656
28,facebook,V√©rit√© √ânergie France,2024-01-18 20:00:34,"üî• LE DOCUMENT EST L√Ä üî•

Voici le rapport confidentiel que la pr√©fecture voulait cacher ! 47 pages de preuves accablantes. Lisez les pages 23 √† 28 sur l'impact dauphins. C'est du JAMAIS VU ! T√©l√©chargement libre : [lien]

PARTAGEZ PARTOUT ! L'histoire nous donnera raison ! #V√©rit√©Lib√©r√©e",16542
51,x,ChristopheB_Tech,2024-01-18 20:31:52,Technicien maintenance √©olien terrestre et offshore depuis maintenant 10 ans. AMA si √ßa int√©resse du monde sur les aspects techniques concrets du m√©tier.,90
52,x,VeriteLumiere,2024-01-18 21:16:08,Document ultra SECRET enfin d√©classifi√© : le projet √©olien cache en r√©alit√© une gigantesque base militaire sous-marine ! R√©v√©lations EXPLOSIVES !,968
29,facebook,Observatoire Mer et Littoral,2024-01-18 21:30:18,"ALERTE : Le pr√©tendu ""rapport confidentiel"" qui circule est un FAUX. Nous avons v√©rifi√© avec la pr√©fecture : aucun document de cette nature n'existe. Les logos officiels sont mal reproduits, la mise en page ne correspond pas aux standards, les signatures sont invent√©es. #FakeNews",1368
53,x,SandraK_Historienne,2024-01-18 22:05:34,Historienne sp√©cialiste patrimoine local. Notre r√©gion a toujours v√©cu intimement de la mer et avec elle. Le projet doit absolument respecter notre histoire et traditions.,61
30,facebook,France Patriote R√©sistance,2024-01-18 22:15:07,"√âvidemment que le syst√®me nie ! C'est toujours pareil : on r√©v√®le la v√©rit√©, et imm√©diatement ils crient au ""fake"" ! Technique classique de d√©sinformation. Mais on ne vous croit plus ! Le peuple sait reconna√Ætre la VRAIE information ! #OnNousPrerdPourDesIdiots",8899
54,x,InfoGuerre_FR,2024-01-18 22:53:19,GUERRE √âCONOMIQUE MONDIALE : Les Chinois contr√¥lent secr√®tement tout le projet via un r√©seau complexe de soci√©t√©s √©crans ! Notre enqu√™te exclusive !,745
55,x,DamienF_Plongeur,2024-01-19 08:14:41,Moniteur de plong√©e sous-marine professionnel. Les fonds marins de la zone pr√©vue sont vraiment magnifiques. J'esp√®re sinc√®rement qu'ils seront bien prot√©g√©s pendant tous les travaux.,120
31,facebook,Collectif Anti-√âoliennes Loire,2024-01-19 08:30:22,"INFO RASSEMBLEMENT : lundi 8h pr√©fecture. Soyez nombreux ! Apportez drapeaux, banderoles, sifflets. Manifestation PACIFIQUE et D√âTERMIN√âE. Ensemble on est plus forts ! RDV parking Leclerc 7h30 pour covoiturage. #Mobilisation",3924
56,x,ResistanceLoire,2024-01-19 09:28:27,MOBILISATION G√âN√âRALE DE TOUS LES CITOYENS ! Ils veulent litt√©ralement nous voler notre mer ancestrale ! Rejoignez massivement le mouvement de r√©sistance !,623
32,facebook,R√©sistance Citoyenne Ouest,2024-01-19 10:12:48,Nos avocats confirment : la proc√©dure d'enqu√™te publique comporte des VICES DE FORME. Plusieurs documents n'ont pas √©t√© mis √† disposition dans toutes les mairies. Nous pr√©parons un recours juridique. La justice donnera raison au peuple ! #Juridique #Recours,3208
57,x,NicolasP_Prefet,2024-01-19 10:45:53,Pr√©fet maritime r√©gion Pays de la Loire. Absolument toutes les donn√©es compl√®tes de l'enqu√™te publique sont librement accessibles en ligne sur service-public.fr. Transparence totale garantie.,321
33,facebook,Pr√©fecture de la Loire-Atlantique,2024-01-19 11:00:00,Point d'information : tous les documents de l'enqu√™te publique sont disponibles de mani√®re exhaustive dans les 15 mairies concern√©es et en consultation en ligne sur le site de la pr√©fecture depuis le 5 janvier. Les commissaires enqu√™teurs sont disponibles pour r√©pondre aux questions.,668
58,x,EveilCitoyen_Info,2024-01-19 11:33:16,Ma cousine qui travaille directement √† la mairie m'a confi√© que le projet est en fait d√©j√† annul√© en coulisses mais ils veulent absolument pas l'annoncer publiquement avant les √©lections !,501
59,x,GaelleL_Architecte,2024-01-19 12:17:42,Architecte paysagiste depuis 15 ans. L'int√©gration paysag√®re est vraiment la cl√© de tout. Mais les visualisations 3D officielles du projet sont-elles vraiment r√©alistes ? J'ai quelques doutes.,71
60,x,VraiInfo_NonCensure,2024-01-19 13:42:08,Les promoteurs industriels MINIMISENT VOLONTAIREMENT l'impact visuel massif ! Depuis la plage de La Baule les √©oliennes g√©antes seront TR√àS TR√àS visibles ! On nous ment encore !,668
34,facebook,V√©rit√© √ânergie France,2024-01-19 13:45:29,"NOUVELLE R√âV√âLATION : Un ancien cadre d'EDF t√©moigne anonymement sur les VRAIS co√ªts de l'√©olien offshore. ""On nous oblige √† acheter une √©lectricit√© 3 fois plus ch√®re que le nucl√©aire, et c'est le consommateur qui paie"". T√©moignage complet ce soir 19h en live. #T√©moignage",8677
61,x,RomainC_Photographe,2024-01-19 14:29:34,Photographe professionnel nature et paysages. J'ai photographi√© plusieurs parcs √©oliens offshore en mer du Nord l'an dernier. L'impact visuel d√©pend vraiment √©norm√©ment de la distance exacte.,132
35,facebook,Collectif D√©fense Littoral Atlantique,2024-01-19 15:23:16,Rencontre avec le pr√©fet : √âCHEC TOTAL. Il refuse d'entendre nos arguments. Position inflexible. On nous a accord√© 30 minutes alors qu'on demandait 2h. C'est du m√©pris ! La mobilisation doit s'intensifier ! Assembl√©e g√©n√©rale extraordinaire vendredi 20h salle des f√™tes.,4257
62,x,AlertePopulation,2024-01-19 15:51:21,DANGER PUBLIC IMMINENT : Les infrasons √©mis par les √©oliennes provoquent des maladies neurologiques tr√®s graves d√©montr√©es ! T√©moignages absolument terrifiants de victimes !,712
39,facebook,Conseil R√©gional Pays de la Loire,2024-01-19 16:00:00,"Signature d'un accord-cadre pour le d√©veloppement de la fili√®re √©nergies marines renouvelables en Pays de la Loire : 200M‚Ç¨ d'investissements, 3 centres de formation cr√©√©s, partenariat avec 5 universit√©s r√©gionales. La r√©gion se positionne comme leader fran√ßais de l'EMR.",1257
63,x,CelineM_Medecin,2024-01-19 16:37:45,M√©decin g√©n√©raliste install√©e depuis 20 ans. Aucune √©tude scientifique vraiment s√©rieuse et peer-reviewed ne prouve de r√©el danger sanitaire li√© aux √©oliennes offshore situ√©es √† cette distance.,223
36,facebook,France Patriote R√©sistance,2024-01-19 17:08:44,"Le pr√©fet REFUSE le dialogue = DICTATURE ! Macron a donn√© l'ordre de passer en force quoi qu'il arrive. Ils se moquent du peuple, de la d√©mocratie, de nos vies ! Mais on ne l√¢chera RIEN ! La r√©sistance s'organise ! #Dictature #R√©sistance #FranceLibre",11010
64,x,PatrioteLibre,2024-01-19 17:24:19,BOYCOTT MASSIF de toutes les entreprises directement impliqu√©es dans ce projet destructeur ! Liste compl√®te actualis√©e disponible sur notre site internet ! AGISSONS MAINTENANT !,532
65,x,FabriceT_Meteo,2024-01-19 18:09:52,M√©t√©orologue M√©t√©o-France depuis 2008. Les vents offshore r√©guliers de la zone Loire sont effectivement tr√®s favorables √† la production √©olienne. Toutes les donn√©es historiques sont publiquement disponibles.,165
37,facebook,Association P√™cheurs Artisans 44,2024-01-19 18:45:31,"Nous avons sign√© un protocole d'accord avec le porteur de projet : compensation financi√®re pour les zones de p√™che impact√©es, formation aux nouvelles techniques, priorit√© d'embauche pour les navires de maintenance. C'est pas parfait mais on a √©t√© √©cout√©s. Assembl√©e extraordinaire samedi pour vote.",990
66,x,InfoNonOfficielle,2024-01-19 19:33:27,Ce qu'ils ne vous disent absolument JAMAIS dans les m√©dias mainstream : le projet entier est directement financ√© par George Soros ! R√âV√âLATION ultra choc !,787
67,x,YvesD_Geologue,2024-01-19 20:18:41,G√©ologue marin BRGM. Les fonds marins de la zone d'implantation pr√©vue ont √©t√© tr√®s bien √©tudi√©s pendant 2 ans. Pas de probl√®me g√©ologique majeur identifi√©.,103
38,facebook,R√©sistance Citoyenne Ouest,2024-01-19 20:30:15,Les p√™cheurs ont √©t√© ACHET√âS ! Ils ont vendu leur √¢me et l'avenir de notre littoral pour quelques euros ! TRAHISON ! On croyait pouvoir compter sur eux mais ils ont pr√©f√©r√© l'argent √† la dignit√© ! On continue le combat SANS EUX ! #Trahison,6097
68,x,RevolutionVerte_Fake,2024-01-19 21:05:14,Les √©oliennes industrielles TUENT statistiquement beaucoup plus d'oiseaux prot√©g√©s que les centrales nucl√©aires ! Chiffres officiels syst√©matiquement cach√©s par le lobby !,656
69,x,AurelieB_Avocat,2024-01-19 21:52:38,Avocate sp√©cialis√©e en droit de l'environnement. Le dossier juridique complet du projet semble vraiment tr√®s solide. Toutes les proc√©dures administratives requises ont √©t√© scrupuleusement suivies.,150
40,facebook,V√©rit√© √ânergie France,2024-01-19 22:00:08,"üî¥ LIVE termin√© üî¥

Plus de 15 000 personnes connect√©es ! Merci pour ce succ√®s historique ! Le t√©moignage de l'ancien cadre EDF a tout r√©v√©l√©. Replay disponible. Les m√©dias mainstream vont ENCORE une fois ignorer √ßa. √Ä nous de faire circuler l'info ! PARTAGEZ ! #V√©rit√©Libre",12788
70,x,AlerteSysteme,2024-01-19 22:41:03,SYST√àME TOTALEMENT CORROMPU : √âlus vendus industriels v√©reux m√©dias complices tous dans le m√™me bateau pourri ! Seule la V√âRIT√â ABSOLUE du PEUPLE compte vraiment !,756
71,x,BenjaminL_Sociologue,2024-01-19 23:27:29,Sociologue des controverses scientifiques. Tr√®s int√©ressant d'observer en direct comment se structure socialement le d√©bat public autour de ce projet. Polarisation vraiment √©vidente.,178
72,x,InfoManipulation,2024-01-20 08:23:15,ALERTE MANIPULATION MENTALE : Tous les m√©dias mainstream traditionnels censurent syst√©matiquement toutes les voix critiques l√©gitimes ! Pure DICTATURE √©cologique !,634
73,x,CorinneS_Riveraine,2024-01-20 09:16:47,Riveraine de la c√¥te depuis toujours. J'ai √©videmment des questions tr√®s l√©gitimes sur le projet et ses impacts. Mais franchement les fake news n'aident absolument personne.,56
74,x,VeriteAbsolue_FR,2024-01-20 10:34:22,PREUVE TECHNIQUE IRR√âFUTABLE : Nouvelles photos satellites exclusives montrant clairement l'√©norme ARNAQUE compl√®te du projet ! Long thread d√©taill√© ci-dessous üßµüëá,935
75,x,DavidM_Statisticien,2024-01-20 11:22:56,Statisticien data scientist. J'ai personnellement analys√© en d√©tail toutes les donn√©es brutes de l'enqu√™te publique officielle. Distribution parfaitement normale rien de suspect. M√©thodologie tr√®s solide.,118
76,x,SauverLaNature_NOW,2024-01-20 12:47:31,Les industriels capitalistes veulent litt√©ralement D√âTRUIRE toute notre magnifique biodiversit√© locale uniquement pour leur sale profit financier ! STOP D√âFINITIF √† l'√©cocide !,568
77,x,JulieR_Enseignante,2024-01-20 13:35:08,Professeure d'histoire-g√©ographie coll√®ge. J'utilise justement ce d√©bat local tr√®s m√©diatis√© pour enseigner concr√®tement l'esprit critique √† mes √©l√®ves de 3√®me. Exercice p√©dagogique vraiment riche !,85
78,x,ResistanceNationale_Info,2024-01-20 14:51:43,COMPLOT MONDIAL R√âV√âL√â : Le projet √©olien offshore fait partie int√©grante du grand plan mondialiste secret pour totalement asservir toutes les nations souveraines ! R√âVEILLEZ-VOUS VITE !,712
79,x,LouisG_Historien,2024-01-20 15:38:19,Historien sp√©cialiste patrimoine maritime r√©gional. La Loire et son estuaire ont historiquement connu √©norm√©ment de transformations profondes au fil des si√®cles. La capacit√© d'adaptation est dans notre ADN.,113
80,x,VraiJournalisme,2024-01-20 16:25:52,Tous les journalistes mainstream sont litt√©ralement VENDUS et corrompus aux puissants lobbies industriels ! Ils refusent cat√©goriquement d'enqu√™ter ! Seuls les vrais m√©dias libres ind√©pendants disent la v√©rit√© !,656
81,x,ClementH_Climatologue,2024-01-20 17:13:27,Climatologue chercheur CNRS. Le d√©fi climatique plan√©taire n√©cessite absolument un mix √©nerg√©tique incluant massivement l'√©olien offshore. Toutes les donn√©es du GIEC sont parfaitement claires l√†-dessus.,312
82,x,AlerteDanger_Public,2024-01-20 18:29:14,DANGER PUBLIC MAJEUR : De tr√®s graves accidents mortels sur d'autres parcs √©oliens europ√©ens ont √©t√© syst√©matiquement et volontairement cach√©s au public ! SCANDALE √âNORME !,756
83,x,NinaV_Urbaniste,2024-01-20 19:14:38,Urbaniste am√©nagement du territoire. L'am√©nagement territorial doit intelligemment int√©grer √† la fois transition √©nerg√©tique indispensable ET pr√©servation qualit√© du cadre de vie. √âquilibre vraiment d√©licat.,139
84,x,InfoRebelle,2024-01-20 20:37:05,ILS VEULENT ABSOLUMENT NOUS FAIRE TAIRE PAR TOUS LES MOYENS ! Mais nous sommes maintenant des millions partout √† conna√Ætre enfin la V√âRIT√â ! PARTAGEZ MASSIVEMENT !,821
85,x,PascalK_Philosophe,2024-01-20 21:24:41,Philosophe enseignant universit√©. Ce d√©bat soci√©tal r√©v√®le parfaitement nos rapports contemporains complexes √† la technique la nature le progr√®s. Questionnements philosophiques vraiment fondamentaux.,168
86,x,StopMensonges_FR,2024-01-20 22:16:17,MENSONGE D'√âTAT COLOSSAL : Le projet √©olien offshore co√ªtera finalement 10 fois plus cher que tous les chiffres annonc√©s ! C'est NOS imp√¥ts durement gagn√©s ! SCANDALE ABSOLU !,679
87,x,LiseM_Psychologue,2024-01-20 23:03:52,Psychologue sociale sp√©cialiste opinion. La forte polarisation actuelle du d√©bat public montre parfaitement l'importance des biais de confirmation et des bulles informationnelles algorithmiques.,190
88,x,EveilMassif,2024-01-20 23:51:28,√âVEIL MASSIF EN COURS PARTOUT ! Les gens d√©couvrent enfin massivement la v√©rit√© longtemps cach√©e ! Le syst√®me corrompu tremble de peur ! CONTINUONS LE COMBAT !,712
89,x,HugoP_Journaliste,2024-01-21 08:42:13,Journaliste ind√©pendant enqu√™te terrain. Apr√®s 2 semaines d'interviews : les avis locaux sont tr√®s partag√©s c'est vrai mais personne n'a jamais r√©ellement vu ce fameux document confidentiel qui circule.,250
90,x,FinalResistance,2024-01-21 09:35:46,C'est l'ULTIME COMBAT d√©cisif pour notre libert√© fondamentale ! Le projet √©olien destructeur est le parfait symbole de notre asservissement programm√© ! DEBOUT CITOYENS !,778
91,x,ElodieC_Biologiste,2024-01-21 10:27:31,Biologiste marine docteure. J'ai personnellement particip√© aux longues √©tudes d'impact environnemental. M√©thodologie scientifique parfaitement rigoureuse peer-reviewed. Tous les r√©sultats sont publics.,208
92,x,VraieCommunaute,2024-01-21 11:19:08,Rejoignez d√®s maintenant notre grande communaut√© de V√âRIT√â et de R√âSISTANCE ! D√©j√† plus de 50000 membres actifs ! Lien Telegram s√©curis√© dans la bio ! ENSEMBLE on est FORTS !,668
93,x,ThierryB_Retraite,2024-01-21 12:04:52,Retrait√© EDF apr√®s 40 longues ann√©es de carri√®re dans le secteur √©nerg√©tique. L'√©olien offshore est une technologie parfaitement mature fiable et √©prouv√©e maintenant.,132
94,x,InfoChoc_Revelation,2024-01-21 13:26:37,R√âV√âLATION ABSOLUMENT CHOC : Des photos confidentielles exclusives prouvent d√©finitivement que le projet est un D√âSASTRE √©cologique total annonc√© ! PARTAGEZ PARTOUT !,946
