username,text,date,retweets,likes,hashtags,mentions
Dr_Laurent_CNRS,Nos √©tudes sur l'impact des √©oliennes offshore montrent des effets mineurs sur les oiseaux marins. Webinaire demain 14h sur les r√©sultats.,2024-01-15 09:23:12,45,187,#EolienOffshore;#Recherche,
EcoDefense44,URGENT ! Les √©oliennes vont d√©truire notre littoral ! Mobilisation g√©n√©rale samedi 14h place de la R√©publique ! Venez nombreux !,2024-01-15 14:32:45,12,34,#NonAuxEoliennes;#SauverLaLoire,
Sophie_Journaliste,Interview du pr√©fet maritime sur le projet √©olien offshore cet apr√®s-midi. Article complet dans Ouest-France demain matin.,2024-01-15 16:47:33,23,78,#Journalisme;#Loire,
AlerteVerite2024,Un document confidentiel r√©v√®le que 87% des √©tudes sont falsifi√©es ! PARTAGEZ avant censure ! Le peuple doit savoir !,2024-01-15 18:12:09,156,423,#Scandale;#VeriteCachee,@Citoyen_Eveil
PecheurStNazaire,Inquiet pour notre zone de p√™che avec ce projet. R√©union pr√©vue avec le pr√©fet maritime la semaine prochaine. On verra ce qu'ils proposent.,2024-01-15 19:34:21,8,21,,
InfoPatriote_FR,Les multinationales √©trang√®res s'enrichissent pendant que nos p√™cheurs cr√®vent de faim. Il est temps de dire STOP ! R√©veillez-vous Fran√ßais !,2024-01-15 20:15:54,89,267,#France;#Souverainete,
MarieD_Ecolo,Apr√®s 15 ans de recherche en √©cologie marine je peux affirmer que l'√©olien offshore est une solution viable pour la transition √©nerg√©tique.,2024-01-15 21:03:37,34,156,#TransitionEnergetique,
Verite_Environnement,Les scientifiques MENTENT sur l'impact environnemental ! R√©v√©lations choquantes dans notre article exclusif. Lisez et partagez !,2024-01-15 21:47:15,178,512,#ReveilCitoyen,
JacquesM_LaBaule,J'habite La Baule depuis 30 ans et hier soir j'ai vu des lumi√®res bizarres au large. Est-ce que √ßa a commenc√© sans qu'on soit pr√©venus ?,2024-01-16 07:15:28,5,12,,
EcoWatch_2024,ALERTE √âCOLOGIQUE : Les √©oliennes vont massacrer les dauphins et baleines de notre c√¥te ! Sources scientifiques disponibles !,2024-01-16 08:23:41,134,389,#Cetaces;#Urgence,@AlerteVerite2024
AssocPecheursLoire,Notre association demande une √©tude d'impact suppl√©mentaire sur les zones de frai. Courrier officiel envoy√© √† la pr√©fecture ce matin.,2024-01-16 09:41:53,19,43,#Peche;#Loire,
ClaireDupont_44,Habitante de Pornic. Je suis plut√¥t pour le projet si √ßa cr√©e des emplois locaux. Mais il faut vraiment √™tre transparent sur tous les impacts.,2024-01-16 10:28:02,3,7,,
ReveilCitoyen_Loire,Ils nous prennent pour des moutons ! Le projet √©olien cache un agenda mondialiste. Renseignez-vous sur la v√©rit√© !,2024-01-16 11:52:34,67,198,#Resistance,
InfoVeriteFR,Des milliers d'oiseaux vont mourir √† cause de ces monstrueuses machines industrielles. Les √©colos bobos sont complices du massacre !,2024-01-16 12:34:18,145,421,#Biodiversite;#Scandale,
ThomasLelievre,Ing√©nieur en √©nergies renouvelables depuis 8 ans. Ce projet est bien dimensionn√© et respecte toutes les normes environnementales en vigueur.,2024-01-16 13:15:47,28,91,#Energie,
AlerteCitoyenne_44,STOP au projet √©olien destructeur ! Grande manifestation samedi. Venez tr√®s nombreux d√©fendre notre magnifique littoral !,2024-01-16 14:07:26,112,334,#Manif;#Loire,@EcoDefense44
PrefectureLoire,Le projet de parc √©olien offshore a re√ßu exactement 1247 contributions lors de l'enqu√™te publique men√©e du 15 octobre au 30 novembre 2023.,2024-01-16 15:23:11,67,145,#ServicePublic,
NathalieM_Prof,En tant que prof de SVT je trouve le d√©bat tr√®s int√©ressant mais il manque vraiment d'infos scientifiques accessibles pour le grand public.,2024-01-16 16:44:39,12,34,,
Ecologie_Vraie,Les VRAIS √©cologistes s'opposent fermement aux √©oliennes qui d√©truisent la nature ! R√©veillez-vous les moutons verts !,2024-01-16 17:29:52,198,567,#EcologieVeritable,
LucienB_Retraite,Ancien de la marine marchande avec 40 ans d'exp√©rience. J'ai vu des parcs √©oliens en mer du Nord. Pas d'impact majeur constat√© sur navigation.,2024-01-16 18:52:15,6,18,,
Resistance_Info,Document EXPLOSIF que la pr√©fecture cache : elle a menti sur tous les chiffres ! PDF complet en pi√®ce jointe. PARTAGEZ MASSIVEMENT !,2024-01-16 19:37:43,234,678,#Complot;#Verite,@AlerteVerite2024
CamilleJournaliste,Fact-check en cours sur toutes les all√©gations qui circulent concernant le projet √©olien offshore. Article d√©taill√© demain sur CheckNews.,2024-01-16 20:15:29,43,112,#FactCheck,
DefenseNature44,Les √©oliennes perturbent gravement les routes migratoires des oiseaux marins. C'est scientifiquement prouv√© ! Voir nos sources.,2024-01-16 21:03:56,167,489,#Oiseaux;#Protection,
PierreR_Elu,√âlu local depuis 12 ans. Le projet doit √™tre d√©battu sereinement avec tous les acteurs. J'organise une r√©union publique mardi prochain.,2024-01-16 21:48:08,31,76,,
InfoLibre_Actu,R√âV√âLATION CHOC : Des milliards d'euros de subventions publiques vont directement enrichir des multinationales ! C'est NOS imp√¥ts !,2024-01-17 08:12:21,189,534,#Argent;#Scandale,
SophieMartin_OF,Notre grande enqu√™te Ouest-France : le syndicat des p√™cheurs estime que 12% des zones de p√™che traditionnelles seraient impact√©es. Suite demain.,2024-01-17 09:34:47,54,167,#Investigation,
PatrickV_Marin,Marin p√™cheur depuis 40 ans ici. Je veux bien qu'on discute s√©rieusement mais faut vraiment arr√™ter les fake news des deux c√¥t√©s du d√©bat.,2024-01-17 10:21:33,15,42,,
ReveilEcolo,Les pseudo-scientifiques sont grassement pay√©s par les lobbies industriels pour mentir sur l'impact √©cologique r√©el ! R√âVEILLEZ-VOUS TOUS !,2024-01-17 11:47:19,176,512,#Corruption,@InfoPatriote_FR
AnneL_Biologiste,Biologiste marine CNRS. Les √©oliennes ont un impact c'est s√ªr mais bien moindre que le chalutage intensif ou la pollution plastique. Le contexte compte.,2024-01-17 12:33:52,67,198,#Science,
CitoyenLibre_44,Ils veulent nous imposer leur projet industriel sans vraiment √©couter l'avis des citoyens ! R√âSISTANCE MAINTENANT ! Rejoignez le groupe Telegram.,2024-01-17 13:58:24,123,389,#Liberte,
JulienT_Ingenieur,Ing√©nieur chez EDF depuis 2015. L'√©olien offshore produit en moyenne 4500h √©quivalent pleine puissance par an vs 2000h pour le terrestre. Efficacit√© prouv√©e.,2024-01-17 14:42:36,45,134,#Energie,
VeriteNow,ALERTE INFO : Plusieurs t√©moins ont vu des camions suspects circuler pr√®s du site pr√©vu la nuit derni√®re. Que se passe-t-il vraiment en coulisses ?,2024-01-17 15:27:41,87,245,#Mystere,
EmilieK_Artiste,Artiste peintre √† Pornic depuis 20 ans. J'ai vraiment peur de l'impact visuel sur nos magnifiques paysages c√¥tiers. Mais je comprends l'enjeu climatique.,2024-01-17 16:15:09,9,27,,
InfoResistance,Les autorit√©s CACHENT syst√©matiquement la v√©rit√© sur les graves dangers sanitaires des √©oliennes. Cancers infrasons vibrations... PARTAGEZ VITE !,2024-01-17 17:39:53,198,589,#Sante;#Danger,
MaximeD_ADEME,Rapport officiel ADEME 2023 : les parcs √©oliens offshore de nouvelle g√©n√©ration sont parmi les plus efficaces. Toutes les donn√©es sont publiques et v√©rifiables.,2024-01-17 18:24:27,76,234,#Renouvelable,
AlexM_Etudiant,√âtudiant M2 environnement √† Nantes. Mon m√©moire de fin d'√©tudes porte sur l'acceptabilit√© sociale des projets √©oliens offshore. D√©bat passionnant √† suivre !,2024-01-17 19:08:14,12,34,,
Liberation_Peuple,Le gouvernement MENT EFFRONT√âMENT ! Le projet √©olien n'est qu'une belle fa√ßade pour enrichir les copains du pouvoir ! C'est une R√âVOLUTION qu'il nous faut !,2024-01-17 20:13:46,167,478,#Revolution,@Resistance_Info
SarahB_Doctorante,Doctorante en √©cologie comportementale. Mes recherches de terrain montrent des adaptations comportementales des oiseaux marins mais absolument pas d'h√©catombe.,2024-01-17 21:05:31,43,123,,
VigilanceInfo_FR,SCOOP EXCLUSIF : Un biologiste marin anonyme vient de nous r√©v√©ler que toutes les √©tudes officielles sont compl√®tement truqu√©es ! T√©moignage √† lire.,2024-01-17 21:52:08,234,689,#Temoignage;#Choc,
OlivierC_Maire,Maire d'une commune c√¥ti√®re depuis 2014. Nous attendons des garanties fermes sur l'emploi local et la compensation financi√®re juste pour nos p√™cheurs.,2024-01-18 08:17:22,38,95,,
EcoloVeritable,Les FAUX √©cologistes du syst√®me veulent d√©truire notre pr√©cieux patrimoine naturel avec leurs monstres industriels ! STOP IMM√âDIAT !,2024-01-18 09:33:45,156,445,#Patrimoine,
FrancoisL_Chercheur,Chercheur IFREMER depuis 12 ans. Nos √©tudes comparatives sur 10 parcs europ√©ens diff√©rents montrent un impact tr√®s limit√© sur la faune marine quand c'est bien con√ßu.,2024-01-18 10:48:17,89,267,#Recherche,
ActionCitoyenne,Notre p√©tition citoyenne contre le projet √©olien offshore a d√©j√† r√©colt√© plus de 15000 signatures en 3 jours ! Signez vite et partagez largement.,2024-01-18 11:25:38,112,334,#Petition,
IsabelleR_Journaliste,Journaliste AFP sp√©cialis√©e fact-checking. V√©rification approfondie des nombreux documents qui circulent sur les r√©seaux sociaux. Plusieurs sont des faux manifestes. Article √† 18h.,2024-01-18 12:39:52,67,189,,
VraiPatriote_44,D√©fendons courageusement notre belle terre fran√ßaise ! Les mondialistes veulent absolument d√©truire notre mode de vie traditionnel ! R√âSISTANCE TOTALE !,2024-01-18 13:54:23,178,523,#Patriotisme,@Liberation_Peuple
MartinV_Syndicaliste,Secr√©taire du syndicat des p√™cheurs. Nous ne sommes absolument pas contre le projet en lui-m√™me mais nous voulons simplement √™tre vraiment entendus. Dialogue pas confrontation.,2024-01-18 14:41:09,29,78,,
AlerteNature_FR,CATASTROPHE √âCOLOGIQUE ANNONC√âE : Les puissantes √©oliennes vont litt√©ralement tuer toutes les baleines avec leurs terribles vibrations sous-marines ! Scientifiques tr√®s alarm√©s !,2024-01-18 15:27:45,145,412,#Baleines;#Urgence,
VincentD_Economiste,√âconomiste sp√©cialis√© secteur √©nergie. Selon les chiffres officiels de WindEnergy Corp le projet cr√©era 450 emplois directs pendant construction plus 80 emplois permanents pour maintenance.,2024-01-18 16:12:31,52,156,,
InfoCensure,ILS SUPPRIMENT SYST√âMATIQUEMENT NOS MESSAGES DE V√âRIT√â ! La v√©rit√© d√©range trop le pouvoir ! Rejoignez-nous tous sur Telegram avant qu'il soit d√©finitivement trop tard !,2024-01-18 17:38:14,198,567,#Censure,
LaureM_Elue,√âlue √©cologiste au conseil r√©gional. Pour le projet √©olien offshore mais avec des conditions tr√®s strictes : vraie protection biodiversit√© emplois locaux transparence totale processus.,2024-01-18 18:23:47,45,134,,
ReveilNational,Le projet √©olien offshore fait partie int√©grante du GRAND REMPLACEMENT √©nerg√©tique ! Ils veulent nous asservir compl√®tement ! R√âSISTEZ MAINTENANT !,2024-01-18 19:47:29,167,489,#GrandRemplacement,
ChristopheB_Tech,Technicien maintenance √©olien terrestre et offshore depuis maintenant 10 ans. AMA si √ßa int√©resse du monde sur les aspects techniques concrets du m√©tier.,2024-01-18 20:31:52,23,67,,
VeriteLumiere,Document ultra SECRET enfin d√©classifi√© : le projet √©olien cache en r√©alit√© une gigantesque base militaire sous-marine ! R√©v√©lations EXPLOSIVES !,2024-01-18 21:16:08,245,723,#Complot;#Secret,@AlerteVerite2024
SandraK_Historienne,Historienne sp√©cialiste patrimoine local. Notre r√©gion a toujours v√©cu intimement de la mer et avec elle. Le projet doit absolument respecter notre histoire et traditions.,2024-01-18 22:05:34,18,43,,
InfoGuerre_FR,GUERRE √âCONOMIQUE MONDIALE : Les Chinois contr√¥lent secr√®tement tout le projet via un r√©seau complexe de soci√©t√©s √©crans ! Notre enqu√™te exclusive !,2024-01-18 22:53:19,189,556,#Geopolitique,
DamienF_Plongeur,Moniteur de plong√©e sous-marine professionnel. Les fonds marins de la zone pr√©vue sont vraiment magnifiques. J'esp√®re sinc√®rement qu'ils seront bien prot√©g√©s pendant tous les travaux.,2024-01-19 08:14:41,31,89,,
ResistanceLoire,MOBILISATION G√âN√âRALE DE TOUS LES CITOYENS ! Ils veulent litt√©ralement nous voler notre mer ancestrale ! Rejoignez massivement le mouvement de r√©sistance !,2024-01-19 09:28:27,156,467,#Mobilisation,@ActionCitoyenne
NicolasP_Prefet,Pr√©fet maritime r√©gion Pays de la Loire. Absolument toutes les donn√©es compl√®tes de l'enqu√™te publique sont librement accessibles en ligne sur service-public.fr. Transparence totale garantie.,2024-01-19 10:45:53,87,234,,
EveilCitoyen_Info,Ma cousine qui travaille directement √† la mairie m'a confi√© que le projet est en fait d√©j√† annul√© en coulisses mais ils veulent absolument pas l'annoncer publiquement avant les √©lections !,2024-01-19 11:33:16,123,378,#Rumeur,
GaelleL_Architecte,Architecte paysagiste depuis 15 ans. L'int√©gration paysag√®re est vraiment la cl√© de tout. Mais les visualisations 3D officielles du projet sont-elles vraiment r√©alistes ? J'ai quelques doutes.,2024-01-19 12:17:42,19,52,,
VraiInfo_NonCensure,Les promoteurs industriels MINIMISENT VOLONTAIREMENT l'impact visuel massif ! Depuis la plage de La Baule les √©oliennes g√©antes seront TR√àS TR√àS visibles ! On nous ment encore !,2024-01-19 13:42:08,167,501,#Mensonge,
RomainC_Photographe,Photographe professionnel nature et paysages. J'ai photographi√© plusieurs parcs √©oliens offshore en mer du Nord l'an dernier. L'impact visuel d√©pend vraiment √©norm√©ment de la distance exacte.,2024-01-19 14:29:34,34,98,,
AlertePopulation,"DANGER PUBLIC IMMINENT : Les infrasons √©mis par les √©oliennes provoquent des maladies neurologiques tr√®s graves d√©montr√©es ! T√©moignages absolument terrifiants de victimes !",2024-01-19 15:51:21,178,534,#Sante;#Danger,@InfoResistance
CelineM_Medecin,M√©decin g√©n√©raliste install√©e depuis 20 ans. Aucune √©tude scientifique vraiment s√©rieuse et peer-reviewed ne prouve de r√©el danger sanitaire li√© aux √©oliennes offshore situ√©es √† cette distance.,2024-01-19 16:37:45,56,167,,
PatrioteLibre,BOYCOTT MASSIF de toutes les entreprises directement impliqu√©es dans ce projet destructeur ! Liste compl√®te actualis√©e disponible sur notre site internet ! AGISSONS MAINTENANT !,2024-01-19 17:24:19,134,398,#Boycott,
FabriceT_Meteo,M√©t√©orologue M√©t√©o-France depuis 2008. Les vents offshore r√©guliers de la zone Loire sont effectivement tr√®s favorables √† la production √©olienne. Toutes les donn√©es historiques sont publiquement disponibles.,2024-01-19 18:09:52,41,124,,
InfoNonOfficielle,Ce qu'ils ne vous disent absolument JAMAIS dans les m√©dias mainstream : le projet entier est directement financ√© par George Soros ! R√âV√âLATION ultra choc !,2024-01-19 19:33:27,198,589,#Soros;#Complot,
YvesD_Geologue,G√©ologue marin BRGM. Les fonds marins de la zone d'implantation pr√©vue ont √©t√© tr√®s bien √©tudi√©s pendant 2 ans. Pas de probl√®me g√©ologique majeur identifi√©.,2024-01-19 20:18:41,27,76,,
RevolutionVerte_Fake,Les √©oliennes industrielles TUENT statistiquement beaucoup plus d'oiseaux prot√©g√©s que les centrales nucl√©aires ! Chiffres officiels syst√©matiquement cach√©s par le lobby !,2024-01-19 21:05:14,167,489,#Nucleaire,
AurelieB_Avocat,Avocate sp√©cialis√©e en droit de l'environnement. Le dossier juridique complet du projet semble vraiment tr√®s solide. Toutes les proc√©dures administratives requises ont √©t√© scrupuleusement suivies.,2024-01-19 21:52:38,38,112,,
AlerteSysteme,SYST√àME TOTALEMENT CORROMPU : √âlus vendus industriels v√©reux m√©dias complices tous dans le m√™me bateau pourri ! Seule la V√âRIT√â ABSOLUE du PEUPLE compte vraiment !,2024-01-19 22:41:03,189,567,#Systeme;#Verite,@ReveilNational
BenjaminL_Sociologue,Sociologue des controverses scientifiques. Tr√®s int√©ressant d'observer en direct comment se structure socialement le d√©bat public autour de ce projet. Polarisation vraiment √©vidente.,2024-01-19 23:27:29,44,134,,
InfoManipulation,ALERTE MANIPULATION MENTALE : Tous les m√©dias mainstream traditionnels censurent syst√©matiquement toutes les voix critiques l√©gitimes ! Pure DICTATURE √©cologique !,2024-01-20 08:23:15,156,478,#Censure;#Dictature,
CorinneS_Riveraine,Riveraine de la c√¥te depuis toujours. J'ai √©videmment des questions tr√®s l√©gitimes sur le projet et ses impacts. Mais franchement les fake news n'aident absolument personne.,2024-01-20 09:16:47,15,41,,
VeriteAbsolue_FR,PREUVE TECHNIQUE IRR√âFUTABLE : Nouvelles photos satellites exclusives montrant clairement l'√©norme ARNAQUE compl√®te du projet ! Long thread d√©taill√© ci-dessous üßµüëá,2024-01-20 10:34:22,234,701,#Preuve;#Thread,@VeriteLumiere
DavidM_Statisticien,Statisticien data scientist. J'ai personnellement analys√© en d√©tail toutes les donn√©es brutes de l'enqu√™te publique officielle. Distribution parfaitement normale rien de suspect. M√©thodologie tr√®s solide.,2024-01-20 11:22:56,31,87,,
SauverLaNature_NOW,Les industriels capitalistes veulent litt√©ralement D√âTRUIRE toute notre magnifique biodiversit√© locale uniquement pour leur sale profit financier ! STOP D√âFINITIF √† l'√©cocide !,2024-01-20 12:47:31,145,423,#Ecocide,
JulieR_Enseignante,Professeure d'histoire-g√©ographie coll√®ge. J'utilise justement ce d√©bat local tr√®s m√©diatis√© pour enseigner concr√®tement l'esprit critique √† mes √©l√®ves de 3√®me. Exercice p√©dagogique vraiment riche !,2024-01-20 13:35:08,22,63,,
ResistanceNationale_Info,COMPLOT MONDIAL R√âV√âL√â : Le projet √©olien offshore fait partie int√©grante du grand plan mondialiste secret pour totalement asservir toutes les nations souveraines ! R√âVEILLEZ-VOUS VITE !,2024-01-20 14:51:43,178,534,#Mondialisme,@PatrioteLibre
LouisG_Historien,Historien sp√©cialiste patrimoine maritime r√©gional. La Loire et son estuaire ont historiquement connu √©norm√©ment de transformations profondes au fil des si√®cles. La capacit√© d'adaptation est dans notre ADN.,2024-01-20 15:38:19,29,84,,
VraiJournalisme,Tous les journalistes mainstream sont litt√©ralement VENDUS et corrompus aux puissants lobbies industriels ! Ils refusent cat√©goriquement d'enqu√™ter ! Seuls les vrais m√©dias libres ind√©pendants disent la v√©rit√© !,2024-01-20 16:25:52,167,489,#MediaLibre,
ClementH_Climatologue,Climatologue chercheur CNRS. Le d√©fi climatique plan√©taire n√©cessite absolument un mix √©nerg√©tique incluant massivement l'√©olien offshore. Toutes les donn√©es du GIEC sont parfaitement claires l√†-dessus.,2024-01-20 17:13:27,78,234,,
AlerteDanger_Public,DANGER PUBLIC MAJEUR : De tr√®s graves accidents mortels sur d'autres parcs √©oliens europ√©ens ont √©t√© syst√©matiquement et volontairement cach√©s au public ! SCANDALE √âNORME !,2024-01-20 18:29:14,189,567,#Accident;#Scandale,@InfoNonOfficielle
NinaV_Urbaniste,Urbaniste am√©nagement du territoire. L'am√©nagement territorial doit intelligemment int√©grer √† la fois transition √©nerg√©tique indispensable ET pr√©servation qualit√© du cadre de vie. √âquilibre vraiment d√©licat.,2024-01-20 19:14:38,36,103,,
InfoRebelle,ILS VEULENT ABSOLUMENT NOUS FAIRE TAIRE PAR TOUS LES MOYENS ! Mais nous sommes maintenant des millions partout √† conna√Ætre enfin la V√âRIT√â ! PARTAGEZ MASSIVEMENT !,2024-01-20 20:37:05,198,623,#Verite;#Resistance,
PascalK_Philosophe,Philosophe enseignant universit√©. Ce d√©bat soci√©tal r√©v√®le parfaitement nos rapports contemporains complexes √† la technique la nature le progr√®s. Questionnements philosophiques vraiment fondamentaux.,2024-01-20 21:24:41,41,127,,
StopMensonges_FR,MENSONGE D'√âTAT COLOSSAL : Le projet √©olien offshore co√ªtera finalement 10 fois plus cher que tous les chiffres annonc√©s ! C'est NOS imp√¥ts durement gagn√©s ! SCANDALE ABSOLU !,2024-01-20 22:16:17,167,512,#Impots;#Scandale,
LiseM_Psychologue,Psychologue sociale sp√©cialiste opinion. La forte polarisation actuelle du d√©bat public montre parfaitement l'importance des biais de confirmation et des bulles informationnelles algorithmiques.,2024-01-20 23:03:52,48,142,,
EveilMassif,√âVEIL MASSIF EN COURS PARTOUT ! Les gens d√©couvrent enfin massivement la v√©rit√© longtemps cach√©e ! Le syst√®me corrompu tremble de peur ! CONTINUONS LE COMBAT !,2024-01-20 23:51:28,178,534,#Eveil;#Victoire,@AlerteSysteme
HugoP_Journaliste,Journaliste ind√©pendant enqu√™te terrain. Apr√®s 2 semaines d'interviews : les avis locaux sont tr√®s partag√©s c'est vrai mais personne n'a jamais r√©ellement vu ce fameux document confidentiel qui circule.,2024-01-21 08:42:13,63,187,,
FinalResistance,C'est l'ULTIME COMBAT d√©cisif pour notre libert√© fondamentale ! Le projet √©olien destructeur est le parfait symbole de notre asservissement programm√© ! DEBOUT CITOYENS !,2024-01-21 09:35:46,189,589,#Combat;#Liberte,
ElodieC_Biologiste,Biologiste marine docteure. J'ai personnellement particip√© aux longues √©tudes d'impact environnemental. M√©thodologie scientifique parfaitement rigoureuse peer-reviewed. Tous les r√©sultats sont publics.,2024-01-21 10:27:31,52,156,,
VraieCommunaute,Rejoignez d√®s maintenant notre grande communaut√© de V√âRIT√â et de R√âSISTANCE ! D√©j√† plus de 50000 membres actifs ! Lien Telegram s√©curis√© dans la bio ! ENSEMBLE on est FORTS !,2024-01-21 11:19:08,167,501,#Communaute,
ThierryB_Retraite,Retrait√© EDF apr√®s 40 longues ann√©es de carri√®re dans le secteur √©nerg√©tique. L'√©olien offshore est une technologie parfaitement mature fiable et √©prouv√©e maintenant.,2024-01-21 12:04:52,34,98,,
InfoChoc_Revelation,R√âV√âLATION ABSOLUMENT CHOC : Des photos confidentielles exclusives prouvent d√©finitivement que le projet est un D√âSASTRE √©cologique total annonc√© ! PARTAGEZ PARTOUT !,2024-01-21 13:26:37,234,712,#Photos;#Choc,@VeriteAbsolue_FR
